persona_id,user_id,persona_name,communication_style,preferred_people,networking_goal,interests,confidence,is_active,created_at,updated_at
1,2,B2B SMB HR & Talent Leader,"Empathetic, Structured & Solution-Oriented","SMB Founders, VP of Engineering, HR Directors, B2B SaaS Executives",Expand B2B talent consulting client base across growing SMBs and build strategic hiring alliances.,"Remote Work Infrastructure, B2B Recruitment Automation, Organizational Culture",90,1,2026-09-28 11:50:36,2026-09-28 11:50:36
2,3,B2B SME Cloud & Technical Architect,"Technical, Data-Driven & Precise","CTOs, VP of Engineering, DevOps Engineers, Enterprise IT Auditors","Connect with B2B SME executives needing cloud modernization, security audits, and infrastructure cost optimization.","Kubernetes Scaling, AWS Security Best Practices, FinOps & Infrastructure Management",92,1,2026-09-28 11:50:36,2026-09-28 11:50:36
3,4,B2C SMB E-Commerce Growth Specialist,"Energetic, Metric-Driven & Creative","D2C Founders, E-Commerce Managers, Performance Marketers, Brand Agency Leads","Exchange B2C conversion tactics, evaluate customer acquisition tools, and form SMB retail partnerships.","Consumer Analytics, AI Personalization Engines, Viral Retention Loops",88,1,2026-09-28 11:50:36,2026-09-28 11:50:36
4,5,B2B/B2C Creative Product Design Leader,"Collaborative, Visual & Insightful","Product Managers, SaaS Founders, Chief Marketing Officers, Mobile App Developers",Partner with B2B SaaS and B2C mobile apps needing end-to-end product design revamps and UI design systems.,"User Psychology, Design-Led Growth, Interactive Prototyping",95,1,2026-09-28 11:50:36,2026-09-28 11:50:36
5,7,B2B SME Corporate Sales & Partnerships Lead,"Direct, Negotiation-Oriented & Results-Focused","Procurement Directors, Supply Chain VPs, B2B Sales Executives, Logistics Managers",Secure strategic B2B supply chain contracts with growing SMEs and enterprise manufacturing clients.,"B2B Sales Tactics, Freight Automation, High-Value Commercial Deals",91,1,2026-09-28 11:50:36,2026-09-28 11:50:36
6,8,B2C Fintech & SMB Merchant Growth Lead,"Pragmatic, Process-Driven & Strategic","Retail Business Owners, Fintech Operations Leads, Compliance Officers, Payment Partners",Accelerate merchant acquisition across SMB retail sectors and build seamless digital payment operations.,"Fintech Infrastructure, Merchant Retention, Payment Gateway Scaling",89,1,2026-09-28 11:50:36,2026-09-28 11:50:36
7,2,B2B SMB HR & Talent Leader,"Empathetic, Structured & Solution-Oriented","SMB Founders, VP of Engineering, HR Directors, B2B SaaS Executives",Expand B2B talent consulting client base across growing SMBs and build strategic hiring alliances.,"Remote Work Infrastructure, B2B Recruitment Automation, Organizational Culture",90,1,2026-09-28 11:53:33,2026-09-28 11:53:33
8,3,B2B SME Cloud & Technical Architect,"Technical, Data-Driven & Precise","CTOs, VP of Engineering, DevOps Engineers, Enterprise IT Auditors","Connect with B2B SME executives needing cloud modernization, security audits, and infrastructure cost optimization.","Kubernetes Scaling, AWS Security Best Practices, FinOps & Infrastructure Management",92,1,2026-09-28 11:53:33,2026-09-28 11:53:33
9,4,B2C SMB E-Commerce Growth Specialist,"Energetic, Metric-Driven & Creative","D2C Founders, E-Commerce Managers, Performance Marketers, Brand Agency Leads","Exchange B2C conversion tactics, evaluate customer acquisition tools, and form SMB retail partnerships.","Consumer Analytics, AI Personalization Engines, Viral Retention Loops",88,1,2026-09-28 11:53:33,2026-09-28 11:53:33
10,5,B2B/B2C Creative Product Design Leader,"Collaborative, Visual & Insightful","Product Managers, SaaS Founders, Chief Marketing Officers, Mobile App Developers",Partner with B2B SaaS and B2C mobile apps needing end-to-end product design revamps and UI design systems.,"User Psychology, Design-Led Growth, Interactive Prototyping",95,1,2026-09-28 11:53:33,2026-09-28 11:53:33
11,7,B2B SME Corporate Sales & Partnerships Lead,"Direct, Negotiation-Oriented & Results-Focused","Procurement Directors, Supply Chain VPs, B2B Sales Executives, Logistics Managers",Secure strategic B2B supply chain contracts with growing SMEs and enterprise manufacturing clients.,"B2B Sales Tactics, Freight Automation, High-Value Commercial Deals",91,1,2026-09-28 11:53:33,2026-09-28 11:53:33
12,8,B2C Fintech & SMB Merchant Growth Lead,"Pragmatic, Process-Driven & Strategic","Retail Business Owners, Fintech Operations Leads, Compliance Officers, Payment Partners",Accelerate merchant acquisition across SMB retail sectors and build seamless digital payment operations.,"Fintech Infrastructure, Merchant Retention, Payment Gateway Scaling",89,1,2026-09-28 11:53:33,2026-09-28 11:53:33
